feature,approval_rate
equipment,0.47367424242424244
fire_alarm,0.022265939372261467
fire_suppression,0.3316582914572864
fuel_burning,0.7496688741721854
fuel_storage,0.6722614840989399
plumbing,0.5207479764165085
sprinkler,0.6399375711815076
standpipe,0.48625130525583016
boiler,0.6186003683241252
curb_cut,0.429891553383229
mechanical,0.5313463224273959
